players,wave,scheduled_units,team_base_gold_min,team_base_gold_max,team_creep_xp,clear_gold_per_player,clear_xp_per_player,mean_gold_per_player_equal_last_hits,xp_per_player
1,1,20,216,296,256,60,80,367.20,336.00
1,2,20,226,306,266,70,95,389.20,361.00
1,3,17,206,274,231,80,110,368.00,341.00
1,4,18,210,288,252,90,130,388.80,382.00
1,5,1,200,250,250,250,350,520.00,600.00
1,6,14,288,376,340,120,170,518.40,510.00
1,7,17,231,308,274,110,155,433.40,429.00
1,8,19,212,290,252,125,175,426.20,427.00
1,9,14,216,284,262,140,195,440.00,457.00
1,10,1,280,350,350,350,500,728.00,850.00
1,11,17,278,364,330,150,210,535.20,540.00
1,12,14,404,516,492,180,250,732.00,742.00
1,13,17,276,353,328,165,230,542.40,558.00
1,14,18,270,360,324,175,245,553.00,569.00
1,15,1,360,450,450,450,650,936.00,1100.00
1,16,20,218,298,258,190,265,499.60,523.00
1,17,12,210,276,258,200,280,491.60,538.00
1,18,8,385,500,490,230,320,761.00,810.00
1,19,18,232,304,260,215,300,536.60,560.00
1,20,1,480,600,600,550,800,1198.00,1400.00
1,21,14,200,268,246,230,325,510.80,571.00
1,22,14,240,308,292,240,340,568.80,632.00
1,23,10,192,252,238,250,355,516.40,593.00
1,24,9,456,582,582,290,410,912.80,992.00
1,25,1,600,750,750,700,1000,1510.00,1750.00
1,26,17,225,304,270,270,385,587.40,655.00
1,27,14,220,288,268,280,400,584.80,668.00
1,28,17,296,382,366,295,420,701.80,786.00
1,29,13,212,274,245,310,440,601.60,685.00
1,30,1,750,950,950,850,1250,1870.00,2200.00
1,31,16,272,348,306,325,460,697.00,766.00
1,32,13,278,352,336,340,480,718.00,816.00
1,33,10,192,252,238,355,500,621.40,738.00
1,34,17,302,392,380,370,525,786.40,905.00
1,35,1,900,1150,1150,1000,1500,2230.00,2650.00
1,36,18,324,432,398,410,580,863.60,978.00
1,37,20,218,298,258,390,550,699.60,808.00
1,38,16,290,372,330,405,575,802.20,905.00
1,39,13,290,360,352,420,600,810.00,952.00
1,40,1,1100,1400,1400,1200,1800,2700.00,3200.00
1,41,13,328,422,422,440,630,890.00,1052.00
1,42,14,502,668,644,490,700,1192.00,1344.00
1,43,16,232,304,264,460,660,781.60,924.00
1,44,9,198,258,246,480,690,753.60,936.00
1,45,1,1300,1700,1700,1400,2100,3200.00,3800.00
1,46,20,220,300,260,500,720,812.00,980.00
1,47,14,200,268,248,520,750,800.80,998.00
1,48,15,480,624,624,570,820,1232.40,1444.00
1,49,14,238,304,276,540,780,865.20,1056.00
1,50,1,1600,2000,2000,1700,2500,3860.00,4500.00
1,51,16,288,368,328,570,820,963.60,1148.00
1,52,10,220,280,275,590,850,890.00,1125.00
1,53,9,194,256,238,610,880,880.00,1118.00
1,54,14,650,862,844,670,970,1577.20,1814.00
1,55,1,1900,2400,2400,2000,3000,4580.00,5400.00
1,56,18,208,280,237,640,920,932.80,1157.00
1,57,13,250,320,304,660,950,1002.00,1254.00
1,58,15,278,354,323,680,980,1059.20,1303.00
1,59,9,210,270,261,700,1000,988.00,1261.00
1,60,1,3000,4000,4000,3000,5000,7200.00,9000.00
2,1,40,432,592,512,60,80,341.60,336.00
2,2,40,454,614,534,70,95,363.70,362.00
2,3,35,426,566,477,80,110,352.80,348.50
2,4,37,430,590,516,90,130,370.50,388.00
2,5,1,200,250,250,250,350,373.75,475.00
2,6,28,576,752,680,120,170,485.20,510.00
2,7,35,477,636,566,110,155,416.08,438.00
2,8,37,422,576,502,125,175,399.45,426.00
2,9,28,432,568,524,140,195,415.00,457.00
2,10,1,280,350,350,350,500,523.25,675.00
2,11,35,578,756,686,150,210,516.85,553.00
2,12,28,808,1032,984,180,250,686.00,742.00
2,13,35,572,731,680,165,230,523.33,570.00
2,14,37,550,734,660,175,245,528.10,575.00
2,15,1,360,450,450,450,650,672.75,875.00
2,16,40,434,594,514,190,265,472.70,522.00
2,17,24,420,552,516,200,280,467.30,538.00
2,18,16,711,924,902,230,320,679.63,771.00
2,19,36,464,608,520,215,300,509.80,560.00
2,20,1,480,600,600,550,800,847.00,1100.00
2,21,28,400,536,492,230,325,487.40,571.00
2,22,28,480,616,584,240,340,541.40,632.00
2,23,20,384,504,476,250,355,494.20,593.00
2,24,18,838,1066,1066,290,410,813.60,943.00
2,25,1,600,750,750,700,1000,1071.25,1375.00
2,26,34,445,602,534,270,385,557.92,652.00
2,27,26,429,560,526,280,400,551.98,663.00
2,28,35,616,794,762,295,420,682.75,801.00
2,29,26,424,548,490,310,440,577.30,685.00
2,30,1,750,950,950,850,1250,1317.50,1725.00
2,31,32,552,706,623,325,460,670.95,771.50
2,32,26,556,704,672,340,480,686.50,816.00
2,33,20,384,504,476,355,500,599.20,738.00
2,34,34,592,770,744,370,525,744.55,897.00
2,35,1,900,1150,1150,1000,1500,1563.75,2075.00
2,36,35,744,992,928,410,580,887.40,1044.00
2,37,40,434,594,514,390,550,672.70,807.00
2,38,32,591,758,675,405,575,775.98,912.50
2,39,26,580,720,704,420,600,777.50,952.00
2,40,1,1100,1400,1400,1200,1800,1887.50,2500.00
2,41,26,656,844,844,440,630,852.50,1052.00
2,42,29,901,1194,1142,490,700,1066.13,1271.00
2,43,32,464,608,528,460,660,754.80,924.00
2,44,18,396,516,492,480,690,730.80,936.00
2,45,1,1300,1700,1700,1400,2100,2225.00,2950.00
2,46,40,440,600,520,500,720,786.00,980.00
2,47,28,400,536,496,520,750,777.40,998.00
2,48,30,958,1246,1246,570,820,1176.10,1443.00
2,49,28,482,615,561,540,780,841.67,1060.50
2,50,1,1600,2000,2000,1700,2500,2690.00,3500.00
2,51,32,576,736,656,570,820,930.80,1148.00
2,52,20,440,560,550,590,850,865.00,1125.00
2,53,17,378,498,464,610,880,850.90,1112.00
2,54,29,1155,1521,1482,670,970,1405.90,1711.00
2,55,1,1900,2400,2400,2000,3000,3182.50,4200.00
2,56,36,412,556,471,640,920,906.20,1155.50
2,57,26,500,640,608,660,950,973.50,1254.00
2,58,30,558,711,651,680,980,1028.97,1305.50
2,59,18,414,532,515,700,1000,960.15,1257.50
2,60,1,3000,4000,4000,3000,5000,4925.00,7000.00
3,1,60,648,888,768,60,80,333.07,336.00
3,2,60,680,920,800,70,95,354.44,361.67
3,3,53,642,854,720,80,110,345.96,350.00
3,4,55,645,884,774,90,130,361.82,388.00
3,5,1,200,250,250,250,350,330.00,433.33
3,6,42,864,1128,1020,120,170,474.13,510.00
3,7,53,720,960,854,110,155,408.67,439.67
3,8,55,630,860,750,125,175,389.89,425.00
3,9,42,648,852,786,140,195,406.67,457.00
3,10,1,280,350,350,350,500,462.00,616.67
3,11,53,866,1134,1028,150,210,505.56,552.67
3,12,42,1212,1548,1476,180,250,670.67,742.00
3,13,53,860,1100,1022,165,230,513.44,570.67
3,14,55,835,1112,1002,175,245,521.13,579.00
3,15,1,360,450,450,450,650,594.00,800.00
3,16,60,652,892,772,190,265,464.49,522.33
3,17,37,645,848,792,200,280,465.42,544.00
3,18,24,1096,1424,1392,230,320,678.00,784.00
3,19,54,696,912,780,215,300,500.87,560.00
3,20,1,480,600,600,550,800,742.00,1000.00
3,21,42,600,804,738,230,325,479.60,571.00
3,22,42,720,924,876,240,340,532.27,632.00
3,23,30,576,756,714,250,355,486.80,593.00
3,24,28,1320,1680,1680,290,410,823.33,970.00
3,25,1,600,750,750,700,1000,940.00,1250.00
3,26,52,680,920,816,270,385,554.44,657.00
3,27,39,650,848,798,280,400,546.31,666.00
3,28,53,922,1190,1140,295,420,670.47,800.00
3,29,39,636,822,735,310,440,569.20,685.00
3,30,1,750,950,950,850,1250,1152.22,1566.67
3,31,48,824,1054,929,325,460,658.87,769.67
3,32,39,834,1056,1008,340,480,676.00,816.00
3,33,30,576,756,714,355,500,591.80,738.00
3,34,52,904,1176,1136,370,525,739.78,903.67
3,35,1,900,1150,1150,1000,1500,1364.44,1883.33
3,36,54,1080,1440,1340,410,580,858.00,1026.67
3,37,60,652,892,772,390,550,664.49,807.33
3,38,48,881,1130,1005,405,575,762.51,910.00
3,39,39,870,1080,1056,420,600,766.67,952.00
3,40,1,1100,1400,1400,1200,1800,1644.44,2266.67
3,41,39,984,1266,1266,440,630,840.00,1052.00
3,42,43,1403,1862,1786,490,700,1070.44,1295.33
3,43,48,696,912,792,460,660,745.87,924.00
3,44,27,594,774,738,480,690,723.20,936.00
3,45,1,1300,1700,1700,1400,2100,1933.33,2666.67
3,46,60,660,900,780,500,720,777.33,980.00
3,47,42,600,804,744,520,750,769.60,998.00
3,48,44,1552,2032,2032,570,820,1207.16,1497.33
3,49,43,734,936,851,540,780,836.89,1063.67
3,50,1,1600,2000,2000,1700,2500,2340.00,3166.67
3,51,48,864,1104,984,570,820,919.87,1148.00
3,52,30,660,840,825,590,850,856.67,1125.00
3,53,26,580,764,712,610,880,848.93,1117.33
3,54,43,1805,2383,2326,670,970,1414.53,1745.33
3,55,1,1900,2400,2400,2000,3000,2764.44,3800.00
3,56,55,630,850,720,640,920,903.11,1160.00
3,57,39,750,960,912,660,950,964.00,1254.00
3,58,45,836,1065,974,680,980,1017.96,1304.67
3,59,28,648,832,806,700,1000,963.11,1268.67
3,60,1,3000,4000,4000,3000,5000,4244.44,6333.33
4,1,80,864,1184,1024,60,80,328.80,336.00
4,2,80,906,1226,1066,70,95,349.82,361.50
4,3,70,852,1132,954,80,110,340.40,348.50
4,4,73,855,1172,1026,90,130,356.04,386.50
4,5,1,200,250,250,250,350,309.06,412.50
4,6,56,1152,1504,1360,120,170,468.60,510.00
4,7,70,954,1272,1132,110,155,402.16,438.00
4,8,74,842,1150,1002,125,175,386.45,425.50
4,9,56,864,1136,1048,140,195,402.50,457.00
4,10,1,280,350,350,350,500,432.69,587.50
4,11,70,1156,1512,1372,150,210,500.18,553.00
4,12,56,1616,2064,1968,180,250,663.00,742.00
4,13,70,1144,1462,1360,165,230,507.04,570.00
4,14,73,1105,1472,1326,175,245,513.23,576.50
4,15,1,360,450,450,450,650,556.31,762.50
4,16,80,868,1188,1028,190,265,459.85,522.00
4,17,49,855,1124,1050,200,280,459.74,542.50
4,18,32,1481,1924,1882,230,320,676.91,790.50
4,19,72,928,1216,1040,215,300,496.40,560.00
4,20,1,480,600,600,550,800,691.75,950.00
4,21,56,800,1072,984,230,325,475.70,571.00
4,22,56,960,1232,1168,240,340,527.70,632.00
4,23,40,768,1008,952,250,355,483.10,593.00
4,24,37,1776,2262,2262,290,410,819.99,975.50
4,25,1,600,750,750,700,1000,877.19,1187.50
4,26,69,905,1224,1086,270,385,549.43,656.50
4,27,51,859,1120,1056,280,400,539.74,664.00
4,28,70,1232,1588,1524,295,420,665.13,801.00
4,29,52,848,1096,980,310,440,565.15,685.00
4,30,1,750,950,950,850,1250,1073.13,1487.50
4,31,64,1104,1412,1246,325,460,655.23,771.50
4,32,51,1098,1392,1328,340,480,666.81,812.00
4,33,40,768,1008,952,355,500,588.10,738.00
4,34,69,1206,1568,1516,370,525,734.09,904.00
4,35,1,900,1150,1150,1000,1500,1269.06,1787.50
4,36,71,1500,2000,1870,410,580,869.38,1047.50
4,37,80,868,1188,1028,390,550,659.85,807.00
4,38,64,1182,1516,1350,405,575,759.11,912.50
4,39,52,1160,1440,1408,420,600,761.25,952.00
4,40,1,1100,1400,1400,1200,1800,1528.13,2150.00
4,41,52,1312,1688,1688,440,630,833.75,1052.00
4,42,58,1802,2388,2284,490,700,1039.94,1271.00
4,43,64,928,1216,1056,460,660,741.40,924.00
4,44,37,812,1058,1009,480,690,725.44,942.25
4,45,1,1300,1700,1700,1400,2100,1793.75,2525.00
4,46,80,880,1200,1040,500,720,773.00,980.00
4,47,56,800,1072,992,520,750,765.70,998.00
4,48,59,2032,2656,2656,570,820,1185.30,1484.00
4,49,57,972,1240,1127,540,780,830.33,1061.75
4,50,1,1600,2000,2000,1700,2500,2172.50,3000.00
4,51,64,1152,1472,1312,570,820,914.40,1148.00
4,52,40,880,1120,1100,590,850,852.50,1125.00
4,53,35,782,1030,960,610,880,847.83,1120.00
4,54,58,2310,3042,2964,670,970,1372.45,1711.00
4,55,1,1900,2400,2400,2000,3000,2564.38,3600.00
4,56,73,838,1130,957,640,920,898.30,1159.25
4,57,52,1000,1280,1216,660,950,959.25,1254.00
4,58,60,1116,1422,1302,680,980,1013.11,1305.50
4,59,37,858,1102,1067,700,1000,957.25,1266.75
4,60,1,3000,4000,4000,3000,5000,3918.75,6000.00
5,1,100,1080,1480,1280,60,80,326.24,336.00
5,2,100,1134,1534,1334,70,95,347.47,361.80
5,3,88,1072,1424,1200,80,110,339.58,350.00
5,4,92,1080,1480,1296,90,130,356.24,389.20
5,5,1,200,250,250,250,350,296.80,400.00
5,6,70,1440,1880,1700,120,170,465.28,510.00
5,7,88,1200,1600,1424,110,155,401.20,439.80
5,8,92,1052,1436,1252,125,175,383.75,425.40
5,9,70,1080,1420,1310,140,195,400.00,457.00
5,10,1,280,350,350,350,500,415.52,570.00
5,11,88,1456,1904,1728,150,210,499.44,555.60
5,12,70,2020,2580,2460,180,250,658.40,742.00
5,13,88,1440,1840,1712,165,230,506.12,572.40
5,14,92,1400,1864,1680,175,245,514.46,581.00
5,15,1,360,450,450,450,650,534.24,740.00
5,16,100,1086,1486,1286,190,265,457.49,522.20
5,17,62,1080,1420,1326,200,280,460.00,545.20
5,18,40,1807,2348,2294,230,320,662.12,778.80
5,19,90,1160,1520,1300,215,300,493.72,560.00
5,20,1,480,600,600,550,800,662.32,920.00
5,21,70,1000,1340,1230,230,325,473.36,571.00
5,22,70,1200,1540,1460,240,340,524.96,632.00
5,23,50,960,1260,1190,250,355,480.88,593.00
5,24,46,2158,2746,2746,290,410,800.02,959.20
5,25,1,600,750,750,700,1000,840.40,1150.00
5,26,86,1125,1522,1350,270,385,545.29,655.00
5,27,64,1080,1408,1328,280,400,538.75,665.60
5,28,88,1552,2000,1920,295,420,664.41,804.00
5,29,65,1060,1370,1225,310,440,562.72,685.00
5,30,1,750,950,950,850,1250,1026.80,1440.00
5,31,80,1376,1760,1552,325,460,651.14,770.40
5,32,64,1376,1744,1664,340,480,664.48,812.80
5,33,50,960,1260,1190,355,500,585.88,738.00
5,34,86,1496,1946,1880,370,525,727.97,901.00
5,35,1,900,1150,1150,1000,1500,1213.20,1730.00
5,36,88,1920,2560,2400,410,580,875.92,1060.00
5,37,100,1086,1486,1286,390,550,657.49,807.20
5,38,80,1472,1888,1680,405,575,754.44,911.00
5,39,65,1450,1800,1760,420,600,758.00,952.00
5,40,1,1100,1400,1400,1200,1800,1460.00,2080.00
5,41,65,1640,2110,2110,440,630,830.00,1052.00
5,42,72,2304,3056,2928,490,700,1047.44,1285.60
5,43,80,1160,1520,1320,460,660,738.72,924.00
5,44,46,1016,1324,1262,480,690,723.36,942.40
5,45,1,1300,1700,1700,1400,2100,1712.00,2440.00
5,46,100,1100,1500,1300,500,720,770.40,980.00
5,47,70,1000,1340,1240,520,750,763.36,998.00
5,48,74,2510,3278,3278,570,820,1171.95,1475.60
5,49,71,1216,1551,1412,540,780,827.77,1062.40
5,50,1,1600,2000,2000,1700,2500,2074.40,2900.00
5,51,80,1440,1840,1640,570,820,911.12,1148.00
5,52,50,1100,1400,1375,590,850,850.00,1125.00
5,53,44,984,1296,1208,610,880,847.12,1121.60
5,54,72,2960,3904,3808,670,970,1383.86,1731.60
5,55,1,1900,2400,2400,2000,3000,2447.20,3480.00
5,56,91,1046,1410,1194,640,920,895.42,1158.80
5,57,65,1250,1600,1520,660,950,956.40,1254.00
5,58,75,1394,1776,1625,680,980,1009.68,1305.00
5,59,46,1062,1364,1321,700,1000,952.30,1264.20
5,60,1,3000,4000,4000,3000,5000,3728.00,5800.00
