wave,act,scheduled_units,raw_total_health,raw_base_attack_output_per_second
1,1,20,2400,140.00
2,1,22,2772,154.00
3,1,24,3192,168.00
4,1,26,3640,208.00
6,1,30,4680,240.00
7,1,32,5280,277.33
8,1,34,5916,294.67
9,1,36,6624,336.00
11,2,40,8160,400.00
12,2,42,9072,420.00
13,2,44,10032,469.33
14,2,46,11040,521.33
16,2,50,13350,600.00
17,2,52,14664,624.00
18,2,54,16092,684.00
19,2,56,17584,746.67
21,3,60,21000,840.00
22,3,62,22878,930.00
23,3,64,24896,1002.67
24,3,66,27126,1078.00
26,3,70,31990,1190.00
27,3,72,34704,1272.00
28,3,74,37666,1356.67
29,3,76,40812,1444.00
31,4,80,47840,1626.67
32,4,82,51660,1722.00
33,4,84,55860,1848.00
34,4,86,60372,2006.67
36,4,90,70290,2220.00
37,4,92,75808,2330.67
38,4,94,81780,2506.67
39,4,96,88032,2624.00
41,5,100,102100,2966.67
42,5,102,110058,3162.00
43,5,104,118872,3432.00
44,5,106,128896,3745.33
46,5,110,154000,4400.00
47,5,112,169904,4816.00
48,5,114,188898,5282.00
49,5,116,211584,5800.00
51,6,120,272040,7080.00
52,6,122,311832,7889.33
53,6,124,359848,8804.00
54,6,126,417564,9744.00
56,6,130,569660,12046.67
57,6,132,668580,13420.00
58,6,134,786446,14918.67
59,6,136,926296,16682.67
